,d_names,a_names,sim_score,admit_rate
0,North Park,North Park University,0.816496580927726,0.523352688714971
1,Oral Roberts,Oral Roberts University,0.816496580927726,0.4354269583627382
2,Lipscomb,Lipscomb University,0.7071067811865475,0.5269685607153158
3,Saginaw Valley State,Saginaw Valley State University,0.8660254037844388,0.7865279841505696
4,Clemson,Clemson University,0.7071067811865475,0.5787027027027027
5,Pfeiffer,Pfeiffer University,0.7071067811865475,0.9608904933814681
6,Elon,Elon University,0.7071067811865475,0.5397527389687405
7,Assumption,Assumption College,0.7071067811865475,0.7422193603777635
8,Canisius,Canisius College,0.7071067811865475,0.7251272559000462
9,Colorado State-Pueblo,Colorado State University-Pueblo,0.816496580927726,0.9434381951064506
10,Mount St. Joseph,College of Mount St Joseph,0.8660254037844388,0.8755221386800334
11,Wisconsin,University of Wisconsin-Whitewater,0.7071067811865475,0.8467741935483871
12,Indianapolis,University of Indianapolis,0.7071067811865475,0.8443440617353661
13,Western Connecticut State,Western Connecticut State University,0.8660254037844388,0.6548574591752007
14,Ottawa (Kan.),Ottawa University-Ottawa,0.6324555320336758,0.9887640449438202
15,Houghton,Houghton College,0.7071067811865475,0.9107806691449815
16,Cal State San Marcos,California State University-San Marcos,0.6708203932499369,0.6250979623824452
17,UC Irvine,University of California-Irvine,0.408248290463863,0.4238874635052641
18,Concordia-Texas,Concordia University-Texas,0.816496580927726,0.46845238095238095
19,Fort Hays State,Fort Hays State University,0.8660254037844388,0.8916766228594185
20,Clarke,Clarke University,0.7071067811865475,0.7752
21,Tampa,The University of Tampa,0.7071067811865475,0.522059302704464
22,Millikin,Millikin University,0.7071067811865475,0.5512032770097286
23,Earlham,Earlham College,0.7071067811865475,0.6370370370370371
24,New Jersey City,New Jersey City University,0.8660254037844388,0.4128615825962228
25,Howard,Howard University,0.7071067811865475,0.4930264396337811
26,Monmouth,Monmouth College,0.7071067811865475,0.643121426168853
27,Hiram,Hiram College,0.7071067811865475,0.5735641227380016
28,Fairfield,Fairfield University,0.7071067811865475,0.7115841798141345
29,Winthrop,Winthrop University,0.7071067811865475,0.7225204200700117
30,Stony Brook,Stony Brook University,0.816496580927726,0.3948184818481848
31,LIU,LIU Brooklyn,0.7071067811865475,0.8690079016681299
32,Denver,University of Denver,0.7071067811865475,0.7673097925009101
33,Michigan State,Michigan State University,0.816496580927726,0.686489405635503
34,New York Institute of Technology,New York Institute of Technology,1.0,0.7406589361310509
35,Creighton,Creighton University,0.7071067811865475,0.7664917541229386
36,Waynesburg,Waynesburg University,0.7071067811865475,0.7522935779816514
37,North Central College,North Central College,1.0000000000000002,0.636452719255267
38,New Haven,University of New Haven,0.7071067811865475,0.7441242993411348
39,Anna Maria,Anna Maria College,0.816496580927726,0.7755886592984143
40,Virginia Tech,Arkansas Tech University,0.408248290463863,0.8502729399532103
41,Akron,University of Akron Main Campus,0.5,0.9649172576832151
42,Massachusetts-Lowell,University of Massachusetts-Lowell,0.7071067811865475,0.6397107166337935
43,Saint Joseph's (Maine),Saint Joseph's College of Maine,0.8660254037844388,0.7778481012658228
44,High Point,High Point University,0.816496580927726,0.6417852016181652
45,Thomas College,Thomas More College,0.9999999999999998,0.8774928774928775
46,Gonzaga,Gonzaga University,0.7071067811865475,0.6651408954369904
47,Centenary (N.J.),Centenary College,0.7071067811865475,0.9094412331406551
48,Colby-Sawyer,Colby College,0.7071067811865475,0.26040318106158683
49,Albertus Magnus,Albertus Magnus College,0.816496580927726,0.6821480406386067
50,Emory,Emory University,0.7071067811865475,0.2633476394849785
51,Johns Hopkins,Johns Hopkins University,0.816496580927726,0.18133670791151107
52,Binghamton,SUNY at Binghamton,0.7071067811865475,0.42873335222442616
53,Rutgers-Camden,Rutgers University-Camden,0.7071067811865475,0.5858545112276455
54,Spring Hill,Spring Hill College,0.816496580927726,0.46270466949666467
55,Manhattan,Manhattan College,0.7071067811865475,0.6616675839295542
56,Marshall,Marshall University,0.7071067811865475,0.7868108862526169
57,Northwest Nazarene,Northwest Nazarene University,0.816496580927726,0.6169519152404238
58,Drake,Drake University,0.7071067811865475,0.6595278246205734
59,Northeastern,Northeastern University,0.7071067811865475,0.3230512625622836
60,Western New England,Western New England University,0.8660254037844388,0.8151302605210421
61,Redlands,University of Redlands,0.7071067811865475,0.6720222793487575
62,Chestnut Hill,Chestnut Hill College,0.816496580927726,0.5784581738655002
63,Northern Illinois,Northern Illinois University,0.816496580927726,0.5612796171953385
64,Wells,Wells College,0.7071067811865475,0.5966576332429991
65,Pittsburgh,University of Pittsburgh-Pittsburgh Campus,0.8164965809277261,0.5612560813799203
66,Evansville,University of Evansville,0.7071067811865475,0.8408858603066439
67,San Diego State,San Diego State University,0.8660254037844388,0.3121396321560503
68,Lewis,Lewis University,0.7071067811865475,0.5587260677466863
69,Florida International,Florida International University,0.816496580927726,0.4303583298084476
70,Tennessee Wesleyan,Tennessee Wesleyan College,0.816496580927726,0.7130214917825537
71,Fairleigh Dickinson,Fairleigh Dickinson University-Metropolitan Campus,0.6324555320336758,0.7340650876179472
72,Colorado College,Colorado College,0.9999999999999998,0.22283737024221453
73,Michigan,University of Michigan-Dearborn,0.7071067811865475,0.628361858190709
74,Central Christian,Central Christian College of Kansas,0.7071067811865475,0.5045317220543807
75,North Carolina Wesleyan,North Carolina Wesleyan College,0.8660254037844388,0.4675642594859241
76,George Mason,George Mason University,0.816496580927726,0.6202835856765201
77,Saint Peter's,Saint Peter's University,0.7071067811865475,0.5407648494711147
78,Louisville,University of Louisville,0.7071067811865475,0.7112153611171722
79,Bryant,Bryant University,0.7071067811865475,0.7655080658573091
80,Wartburg,Wartburg College,0.7071067811865475,0.7764550264550265
81,Bradley,Bradley University,0.7071067811865475,0.6694168803657041
82,Johnson State,Johnson State College,0.816496580927726,0.96875
83,Montevallo,University of Montevallo,0.7071067811865475,0.8729241877256317
84,Trinity (Conn.),Trinity College,0.4999999999999999,0.3178254051228437
85,Virginia Wesleyan,Virginia Wesleyan College,0.816496580927726,0.9310982048574445
86,Tiffin,Tiffin University,0.7071067811865475,0.3856159143075746
87,Bloomsburg,Bloomsburg University of Pennsylvania,0.5773502691896258,0.8855968858131488
88,Newman,Newman University,0.7071067811865475,0.44718909710391824
89,Villanova,Villanova University,0.7071067811865475,0.4890418281437926
90,Washington and Lee,Washington and Lee University,0.816496580927726,0.18434586949533913
91,Cleveland State,Cleveland State University,0.816496580927726,0.628693853427896
92,North Greenville,North Greenville University,0.816496580927726,0.5791245791245792
93,Albion,Albion College,0.7071067811865475,0.563882618510158
94,Sewanee,Sewanee-The University of the South,0.5773502691896258,0.6027397260273972
95,Curry,Curry College,0.7071067811865475,0.6691740412979351
96,Keystone,Keystone College,0.7071067811865475,0.7205357142857143
97,Western Illinois,Western Illinois University,0.816496580927726,0.5931400416903544
98,North Florida,University of North Florida,0.816496580927726,0.5342736248236953
99,Lehigh,Lehigh University,0.7071067811865475,0.30836444515052824
100,Menlo,Menlo College,0.7071067811865475,0.3704878048780488
101,Pittsburgh-Greensburg,University of Pittsburgh-Pittsburgh Campus,0.8164965809277261,0.5612560813799203
102,Dartmouth,Dartmouth College,0.7071067811865475,0.09779316313284292
103,Bentley,Bentley University,0.7071067811865475,0.43787535032697184
104,New England College,New England College,1.0000000000000002,0.89970295299668
105,Belmont,Belmont University,0.7071067811865475,0.7986695362942673
106,Concord,Concord University,0.7071067811865475,0.4570051890289103
107,Oklahoma Christian,Oklahoma Christian University,0.816496580927726,0.6320564516129032
108,Macalester,Macalester College,0.7071067811865475,0.3416130480323208
109,Elizabethtown,Elizabethtown College,0.7071067811865475,0.6956749672346003
110,Monmouth College,Monmouth College,0.9999999999999998,0.643121426168853
111,University of Chicago,University of Chicago,0.9999999999999998,0.08810718057022175
112,UC San Diego,University of San Diego,0.6666666666666669,0.48853195399169674
113,Truman State,Truman State University,0.816496580927726,0.7218735992828328
114,East Tennessee State,East Tennessee State University,0.8660254037844388,0.8648591400127091
115,Bucknell,Bucknell University,0.7071067811865475,0.29507990436642756
116,McKendree University,McKendree University,0.9999999999999998,0.6289424860853432
117,Pittsburgh-Bradford,University of Pittsburgh-Pittsburgh Campus,0.8164965809277261,0.5612560813799203
118,Syracuse,Syracuse University,0.7071067811865475,0.49488839364675086
119,Doane,Doane College-Crete,0.7071067811865475,0.7173435784851812
120,Lindenwood,Lindenwood University,0.7071067811865475,0.6629180230837526
121,Rogers State,Rogers State University,0.816496580927726,0.5445278969957081
122,Purdue Fort Wayne,Indiana University-Purdue University-Fort Wayne,0.6123724356957945,0.8309022150189087
123,SUNY Brockport,SUNY College at Brockport,0.816496580927726,0.47736289381563596
124,SUNY Oswego,SUNY College at Oswego,0.816496580927726,0.4863298232054874
125,St. Francis Brooklyn,University of St Francis,0.6666666666666669,0.5140679953106683
126,Mount Olive,Mount Olive College,0.816496580927726,0.4978743504959849
127,Bridgewater,Bridgewater College,0.7071067811865475,0.5493427143121644
128,Case Western Reserve,Case Western Reserve University,0.8660254037844388,0.41877511130415895
129,SUNY Maritime,SUNY Maritime College,0.816496580927726,0.6395621579358874
130,Knox,Knox College,0.7071067811865475,0.749624060150376
131,Adrian,Adrian College,0.7071067811865475,0.5627807486631016
132,Dominican University,Dominican University,0.9999999999999998,0.5996573386636208
133,Newberry,Newberry College,0.7071067811865475,0.5907553551296505
134,Campbell,Campbell University,0.7071067811865475,0.6983097148710944
135,Wake Forest,Wake Forest University,0.816496580927726,0.35203668734826005
136,Boston College,Boston College,0.9999999999999998,0.32215339473469723
137,Kenyon,Kenyon College,0.7071067811865475,0.38381845091267885
138,Whitman,Whitman College,0.7071067811865475,0.5696055684454756
139,West Virginia,West Virginia University,0.816496580927726,0.8510380727558865
140,Lasell,Lasell College,0.7071067811865475,0.7614397321428571
141,Robert Morris,Robert Morris University,0.816496580927726,0.8050624011249781
142,Purdue Calumet,Purdue University-Calumet Campus,0.7071067811865475,0.6063296024700888
143,Queens (N.Y.),CUNY Queens College,0.5773502691896258,0.3701660361496427
144,Texas-Dallas,The University of Texas at Dallas,0.816496580927726,0.5857142857142857
145,City College of New York,CUNY New York City College of Technology,0.8164965809277261,0.7680497925311204
146,Houston Baptist,Houston Baptist University,0.816496580927726,0.7317779291553134
147,Hartwick,Hartwick College,0.7071067811865475,0.8423590504451038
148,Furman,Furman University,0.7071067811865475,0.6396774735427515
149,Wentworth Institute of Technology,Wentworth Institute of Technology,1.0000000000000002,0.5761470875366091
150,Indiana,Indiana University-Kokomo,0.7071067811865475,0.7354596622889306
151,Worcester Polytechnic Institute,Worcester Polytechnic Institute,1.0000000000000002,0.5158545115411518
152,Millersville,Millersville University of Pennsylvania,0.5773502691896258,0.7186067827681026
153,Washington,Washington College,0.7071067811865475,0.6654826577517761
154,Evergreen,The Evergreen State College,0.5773502691896258,0.9709412507896399
155,West Virginia Wesleyan,West Virginia Wesleyan College,0.8660254037844388,0.7695800227014756
156,Ohio Northern,Ohio Northern University,0.816496580927726,0.6784962406015037
157,American,American University,0.7071067811865475,0.43123396979196355
158,Notre Dame College,Notre Dame College,1.0000000000000002,0.9023500810372771
159,Norwich,Norwich University,0.7071067811865475,0.634858812074002
160,Wisconsin-Parkside,University of Wisconsin-Whitewater,0.7071067811865475,0.8467741935483871
161,Palm Beach Atlantic,Palm Beach Atlantic University,0.8660254037844388,0.8411619283065513
162,Davidson,Davidson College,0.7071067811865475,0.256059009483667
163,SUNY Geneseo,SUNY College at Geneseo,0.816496580927726,0.4565691837625491
164,Saint Rose,The College of Saint Rose,0.816496580927726,0.7751021285745001
165,James Madison,James Madison University,0.816496580927726,0.635552808194984
166,Mount Union,University of Mount Union,0.816496580927726,0.7120300751879699
167,Washington (Md.),Washington College,0.4999999999999999,0.6654826577517761
168,Hofstra,Hofstra University,0.7071067811865475,0.5870760568336779
169,Hawaii Pacific,Hawaii Pacific University,0.816496580927726,0.6410743998098407
170,Huntingdon,Huntingdon College,0.7071067811865475,0.6278911564625851
171,Rider,Rider University,0.7071067811865475,0.7187422629363703
172,St. Andrews University,St Andrews University,1.0000000000000002,0.6447661469933185
173,Valparaiso,Valparaiso University,0.7071067811865475,0.7968647942521228
174,Hamilton,Hamilton College,0.7071067811865475,0.2718756228822005
175,Charlotte,Queens University of Charlotte,0.5773502691896258,0.7685992816829144
176,Georgia State,Georgia State University,0.816496580927726,0.5465802735781138
177,Crown,Crown College,0.7071067811865475,0.550047664442326
178,Minnesota-Morris,University of Minnesota-Morris,0.816496580927726,0.5764439411098528
179,Milligan,Milligan College,0.7071067811865475,0.6830065359477124
180,UC Santa Barbara,University of California-Santa Barbara,0.5773502691896258,0.4443881428933367
181,San Francisco,University of San Francisco,0.816496580927726,0.6129119394921664
182,Carleton,Carleton College,0.7071067811865475,0.20951029098651525
183,Greensboro College,Greensboro College,0.9999999999999998,0.7831050228310502
184,Texas-Tyler,The University of Texas at Tyler,0.816496580927726,0.8203422053231939
185,Neumann,Neumann University,0.7071067811865475,0.5531351192228436
186,Grinnell,Grinnell College,0.7071067811865475,0.3505906006534305
187,Rockford,Rockford University,0.7071067811865475,0.409683426443203
188,Saint Francis (PA),Saint Francis University,0.6666666666666669,0.7605717689100655
189,Trine,Trine University,0.7071067811865475,0.7157307289850018
190,Willamette,Willamette University,0.7071067811865475,0.5783697126649402
191,St. Mary's Texas,St Mary's University,0.6666666666666669,0.582280940353604
192,Fort Lewis,Fort Lewis College,0.816496580927726,0.875
193,St. Edward's,Edward Waters College,0.408248290463863,0.2732039853172522
194,Virginia,Southern Virginia University,0.5773502691896258,0.9986893840104849
195,Roanoke College,Roanoke College,0.9999999999999998,0.7281017518598513
196,Wingate,Wingate University,0.7071067811865475,0.7929738869058801
197,Adams State,Adams State University,0.816496580927726,0.5259593679458239
198,Harvard,Harvard University,0.7071067811865475,0.05844730605602033
199,Eastern,Eastern University,0.7071067811865475,0.6408566721581549
200,Ohio Dominican University,Ohio Dominican University,1.0000000000000002,0.4939668174962293
201,Susquehanna,Susquehanna University,0.7071067811865475,0.7233447311159465
202,Bryan College,Bryan College-Dayton,0.816496580927726,0.37619461337966986
203,Providence,Providence College,0.7071067811865475,0.5979296066252588
204,Hendrix,Hendrix College,0.7071067811865475,0.803941908713693
205,Central College,Central College,0.9999999999999998,0.6579873328641802
206,Haverford,Haverford College,0.7071067811865475,0.23486750348675034
207,Berry,Berry College,0.7071067811865475,0.6031786721353499
208,Maine Maritime,Maine Maritime Academy,0.816496580927726,0.6536030341340076
209,Florida Southern,Florida Southern College,0.816496580927726,0.4988917993149305
210,Notre Dame,University of Notre Dame,0.816496580927726,0.2230407434691449
211,Messiah,Messiah College,0.7071067811865475,0.6590267983074753
212,Omaha,University of Nebraska at Omaha,0.5773502691896258,0.7077699293642785
213,Williams,Williams College,0.7071067811865475,0.17017965766020654
214,Carnegie Mellon,Carnegie Mellon University,0.816496580927726,0.2548718491844948
215,Christopher Newport,Christopher Newport University,0.816496580927726,0.5902223489167617
216,Johnson & Wales,Johnson & Wales University-Providence,0.7071067811865475,0.7601908767389195
217,Northern Kentucky,Northern Kentucky University,0.816496580927726,0.4670158550396376
218,Springfield,Springfield College,0.7071067811865475,0.6992380098610489
219,Hartford,University of Hartford,0.7071067811865475,0.6173068024062934
220,Centre,Centre College,0.7071067811865475,0.685748124753257
221,Holy Cross,Holy Cross College,0.816496580927726,0.7230769230769231
222,Loyola-Chicago,Loyola University Chicago,0.816496580927726,0.9140369209334727
223,Brown,Brown University,0.7071067811865475,0.09177357446661365
224,Brevard,Brevard College,0.7071067811865475,0.4488908220965637
225,Georgetown,Georgetown University,0.7071067811865475,0.16967437235893612
226,Clayton State,Clayton  State University,0.816496580927726,0.47702834799608995
227,Penn State-Behrend,Pennsylvania State University-Penn State Shenango,0.7499999999999998,0.6943231441048034
228,CSU Bakersfield,California State University-Bakersfield,0.35355339059327373,0.6625942684766214
229,Middlebury,Middlebury College,0.7071067811865475,0.17158358765683282
230,SUNY Fredonia,SUNY at Fredonia,0.9999999999999998,0.5153833078361381
231,Mercy,Mercy College,0.7071067811865475,0.5724106324472961
232,Cal State Dominguez Hills,California State University-Dominguez Hills,0.6708203932499369,0.5746845746845747
233,Eastern New Mexico,Eastern New Mexico University-Main Campus,0.7071067811865477,0.6320712694877506
234,NC State,Pennsylvania State University-Penn State Shenango,0.4999999999999999,0.6943231441048034
235,Eastern Illinois,Eastern Illinois University,0.816496580927726,0.6190838726049994
236,Allegheny College,Allegheny College,0.9999999999999998,0.6487145390070922
237,Mars Hill,Mars Hill University,0.816496580927726,0.6447050707140394
238,Piedmont,Piedmont College,0.7071067811865475,0.611764705882353
239,Eastern Connecticut State,Eastern Connecticut State University,0.8660254037844388,0.6453442879499217
240,Nova Southeastern,Nova Southeastern University,0.816496580927726,0.574630314232902
241,Ouachita Baptist,Ouachita Baptist University,0.816496580927726,0.7011494252873564
242,Defiance,Defiance College,0.7071067811865475,0.715962441314554
243,Franklin,Franklin College,0.7071067811865475,0.60018009905448
244,Missouri State,Missouri Southern State University,0.7071067811865475,0.9727694090382387
245,Scranton,University of Scranton,0.7071067811865475,0.7503026301309563
246,Covenant,Covenant College,0.7071067811865475,0.5704162976085031
247,Mount Aloysius,Mount Aloysius College,0.816496580927726,0.6875808538163001
248,Lees-McRae College,Brewton-Parker College,1.0,0.5136842105263157
249,Holy Family,Holy Family University,0.816496580927726,0.7585185185185185
250,Simon Fraser,Bard College at Simon's Rock,0.35355339059327373,0.9220183486238532
251,Connecticut,Connecticut College,0.7071067811865475,0.3584866652884019
252,South Florida,University of South Florida-Sarasota-Manatee,0.816496580927726,0.3460559796437659
253,Le Moyne,Le Moyne College,0.816496580927726,0.6190074274139096
254,Hannibal-LaGrange,LaGrange College,0.7071067811865475,0.5837378640776699
255,The Master's,The Master's College and Seminary,0.5773502691896258,0.6136631330977621
256,USC Upstate,University of South Carolina-Upstate,0.35355339059327373,0.642204827136334
257,Wofford,Wofford College,0.7071067811865475,0.6880058866813834
258,St. Lawrence,St Lawrence University,0.816496580927726,0.4642857142857143
259,Massachusetts Institute of Technology,Massachusetts Institute of Technology,1.0000000000000002,0.08152088050976881
260,Edgewood,Edgewood College,0.7071067811865475,0.7656129529683886
261,Sacred Heart,Sacred Heart University,0.816496580927726,0.7623698753373602
262,Thomas More,Thomas University,0.7071067811865475,0.6862745098039216
263,Rockhurst,Rockhurst University,0.7071067811865475,0.7542701863354038
264,Gordon,Gordon College,0.7071067811865475,0.41332002993265154
265,Temple,Temple University,0.7071067811865475,0.6387072768830064
266,Delaware,University of Delaware,0.7071067811865475,0.6468300730615131
267,Stanislaus State,California State University-Stanislaus,0.7071067811865475,0.7214992191566892
268,Rhode Island,Rhode Island College,0.816496580927726,0.6914514692787177
269,Chowan,Chowan University,0.7071067811865475,0.6154261057173679
270,University of New England,University of New England,1.0000000000000002,0.8584259040415977
271,Midwestern State,Midwestern State University,0.816496580927726,0.7178299702282501
272,New Hampshire,Southern New Hampshire University,0.7071067811865475,0.7865523465703971
273,Colorado Mesa University,Colorado Mesa University,1.0000000000000002,0.8211797491871807
274,Duke,Duke University,0.7071067811865475,0.13422664120629485
275,Wisconsin-Green Bay,University of Wisconsin-Green Bay,0.8660254037844388,0.8476190476190476
276,Taylor,Taylor University,0.7071067811865475,0.87599266951741
277,Cedarville,Cedarville University,0.7071067811865475,0.7401285583103765
278,Webster,Webster University,0.7071067811865475,0.5806451612903226
279,Catawba,Catawba College,0.7071067811865475,0.4057656540607564
280,Cal State East Bay,California State University-East Bay,0.6708203932499369,0.6872302017110117
281,Ohio Wesleyan,Ohio Wesleyan University,0.816496580927726,0.7532886572350459
282,Presbyterian,Presbyterian College,0.7071067811865475,0.66
283,Wesley,Wesley College,0.7071067811865475,0.6249573815206273
284,Radford,Radford University,0.7071067811865475,0.7831232312837664
285,Bowling Green,Bowling Green State University-Main Campus,0.5773502691896258,0.7247115813627383
286,Martin Luther,Martin Luther College,0.816496580927726,0.9617224880382775
287,Washington (Mo.),Washington College,0.4999999999999999,0.6654826577517761
288,Boston University,Boston University,0.9999999999999998,0.45609689587783486
289,Kentucky,University of Kentucky,0.7071067811865475,0.686118122160525
290,Adelphi,Adelphi University,0.7071067811865475,0.6814189969956089
291,Seattle Pacific,Seattle Pacific University,0.816496580927726,0.7213939980638916
292,Colorado Mines,Colorado School of Mines,0.816496580927726,0.37433658620099297
293,Montreat,Montreat College,0.7071067811865475,0.5428571428571428
294,Jacksonville,Jacksonville University,0.7071067811865475,0.47369925671812463
295,Northwest (Wash.),Northwest University,0.4999999999999999,0.9720430107526882
296,Appalachian State,Appalachian State University,0.816496580927726,0.6322664924885696
297,Rosemont,Rosemont College,0.7071067811865475,0.5838264299802761
298,Old Dominion,Old Dominion University,0.816496580927726,0.7678658955004412
299,Whittier,Whittier College,0.7071067811865475,0.6325039945217987
300,Central Arkansas,University of Central Arkansas,0.816496580927726,0.8996993714129543
301,Drew,Drew University,0.7071067811865475,0.7743440233236152
302,Queens University of Charlotte,Queens University of Charlotte,1.0000000000000002,0.7685992816829144
303,Iona College,Iona College,0.9999999999999998,0.9211639316528506
304,Arcadia,Arcadia University,0.7071067811865475,0.5968984179850125
305,Florida Tech,Florida College,0.4999999999999999,0.587467362924282
306,Western Washington,Western Washington University,0.816496580927726,0.8370774721813983
307,Dubuque,University of Dubuque,0.7071067811865475,0.7741935483870968
308,Detroit Mercy,University of Detroit Mercy,0.816496580927726,0.6147138964577656
309,Concordia-Chicago,Concordia University-Chicago,0.816496580927726,0.5441495124593716
310,Grand Canyon,Grand View University,0.408248290463863,0.9541511771995044
311,Drexel,Drexel University,0.7071067811865475,0.8149960177494595
312,Nichols,Nichols College,0.7071067811865475,0.8047218887555022
313,Belhaven,Belhaven University,0.7071067811865475,0.4842105263157895
314,Centenary (LA),Centenary College,0.4999999999999999,0.9094412331406551
315,William Jewell,William Jewell College,0.816496580927726,0.5778087927424983
316,Cornell,Cornell College,0.7071067811865475,0.6411070780399274
317,Oglethorpe,Oglethorpe University,0.7071067811865475,0.5575743811037929
318,Endicott,Endicott College,0.7071067811865475,0.7164625850340136
319,Colgate,Colgate University,0.7071067811865475,0.2637926916646764
320,Fordham,Fordham University,0.7071067811865475,0.4712758020392937
321,North Carolina,North Carolina A & T State University,0.7071067811865475,0.6964285714285714
322,Malone,Malone University,0.7071067811865475,0.7179294823705926
323,Pacific,University of the Pacific,0.7071067811865475,0.726480101251582
324,Dominican (N.Y.),Dominican University,0.7071067811865475,0.5996573386636208
325,Bates,Bates College,0.7071067811865475,0.2416555407209613
326,Concordia-Wisconsin,Concordia University-Wisconsin,0.816496580927726,0.6992031872509961
327,Davenport,Davenport University,0.7071067811865475,0.9169675090252708
328,Lancaster Bible,Grace Bible College,0.408248290463863,0.7485549132947977
329,LaGrange,LaGrange College,0.7071067811865475,0.5837378640776699
330,Roger Williams,Roger Williams University,0.816496580927726,0.8097771865646824
331,Truett-McConnell College,Brewton-Parker College,1.0,0.5136842105263157
332,Misericordia,Misericordia University,0.7071067811865475,0.6489411764705882
333,California,University of California-Berkeley,0.7071067811865475,0.1799828248294635
334,Westmont,Westmont College,0.7071067811865475,0.7016317016317016
335,Gustavus Adolphus,Gustavus Adolphus College,0.816496580927726,0.6321815154038302
336,Wisconsin-Whitewater,University of Wisconsin-Whitewater,0.7071067811865475,0.8467741935483871
337,Incarnate Word,University of the Incarnate Word,0.816496580927726,0.9307465618860511
338,San Francisco State,San Francisco State University,0.8660254037844388,0.6379124022630475
339,Academy of Art,California Maritime Academy,0.408248290463863,0.748040313549832
340,South Carolina-Aiken,University of South Carolina-Aiken,0.816496580927726,0.5122137404580153
341,Memphis,University of Memphis,0.7071067811865475,0.6841402337228715
342,Cazenovia,Cazenovia College,0.7071067811865475,0.7795081967213114
343,Young Harris College,Brewton-Parker College,0.5773502691896258,0.5136842105263157
344,Lee,Lee University,0.7071067811865475,0.91651865008881
345,Penn,William Penn University,0.5773502691896258,0.5765550239234449
346,Aurora,Aurora University,0.7071067811865475,0.7594637223974764
347,Oberlin,Oberlin College,0.7071067811865475,0.3041140091422425
348,York (Pa.),York College,0.4999999999999999,0.489010989010989
349,Drury,Drury University,0.7071067811865475,0.8094795539033457
350,Niagara,Niagara University,0.7071067811865475,0.6633476856835306
351,Southern Connecticut,Southern Connecticut State University,0.7071067811865475,0.7542094455852156
352,University of Dallas,University of Dallas,0.9999999999999998,0.9011437908496732
353,UNC Asheville,University of North Carolina at Asheville,0.35355339059327373,0.6403162055335968
354,Catholic,Catholic University of America,0.5773502691896258,0.600666878374087
355,San Jose State,San Jose State University,0.8660254037844388,0.6347445835817929
356,UNC-Pembroke,University of North Carolina at Pembroke,0.35355339059327373,0.720440557175251
357,Capital,Capital University,0.7071067811865475,0.7604395604395604
358,Georgia Southern,Georgia Southern University,0.816496580927726,0.52
359,St. Mary's (CA),St Mary's University,0.6666666666666669,0.582280940353604
360,UNC Greensboro,Greensboro College,0.4999999999999999,0.7831050228310502
361,LeTourneau,LeTourneau University,0.7071067811865475,0.4066298342541437
362,Brandeis,Brandeis University,0.7071067811865475,0.3703664700926706
363,Portland,University of Portland,0.7071067811865475,0.6679617767510239
364,UC Riverside,University of California-Riverside,0.408248290463863,0.6200190845974137
365,Stetson,Stetson University,0.7071067811865475,0.592539727852317
366,Rutgers,Rutgers University-Camden,0.7071067811865475,0.5858545112276455
367,Northeastern State,Northeastern State University,0.816496580927726,0.733721545791424
368,Lebanon Valley,Lebanon Valley College,0.816496580927726,0.6686000527287108
369,West Texas A&M,West Texas A & M University,0.816496580927726,0.7402849740932642
370,Saint Leo,Saint Leo University,0.816496580927726,0.7662051604782882
371,Nebraska Wesleyan,Nebraska Wesleyan University,0.816496580927726,0.7688984881209503
372,Yale,Yale University,0.7071067811865475,0.07050419298063981
373,Sacramento State,California State University-Sacramento,0.7071067811865475,0.696782052583494
374,Huntington,Huntington University,0.7071067811865475,0.9732142857142857
375,Liberty,Liberty University,0.7071067811865475,0.2165272401881217
376,Lincoln Memorial,Lincoln Memorial University,0.816496580927726,0.6994871794871795
377,Duquesne,Duquesne University,0.7071067811865475,0.7409097600471073
378,Tulsa,University of Tulsa,0.7071067811865475,0.4059419496166484
379,Olivet,Olivet College,0.7071067811865475,0.5147869674185463
380,Saint Joseph's (Ind.),University of Saint Joseph,0.6666666666666669,0.8569767441860465
381,Salisbury,Salisbury University,0.7071067811865475,0.5493716337522442
382,Holy Names,Holy Names University,0.816496580927726,0.5668449197860963
383,Maryland,Loyola University Maryland,0.5773502691896258,0.5800499852984417
384,Xavier,Xavier University,0.7071067811865475,0.6997341157055103
385,Penn State-Altoona,Pennsylvania State University-Penn State Altoona,0.816496580927726,0.8519298245614035
386,South Dakota School of Mines,Colorado School of Mines,0.5773502691896258,0.37433658620099297
387,Massachusetts-Boston,University of Massachusetts-Boston,0.816496580927726,0.7140758873929008
388,College of Charleston,College of Charleston,0.9999999999999998,0.7031019202363368
389,Santa Clara,Santa Clara University,0.816496580927726,0.5121696073645303
390,St. Thomas (Minn.),St Thomas University,0.6666666666666669,0.45667125171939477
391,Central Connecticut,Central Connecticut State University,0.7071067811865475,0.6413258872275266
392,Western Michigan,Western Michigan University,0.816496580927726,0.8284659052048423
393,Wesleyan (Conn.),Wesleyan University,0.4999999999999999,0.20923750746565797
394,East Texas Baptist,East Texas Baptist University,0.8660254037844388,0.7362482369534555
395,Texas A&M International,Texas A & M International University,0.816496580927726,0.4784698996655518
396,Northwestern,Northwestern University,0.7071067811865475,0.15321272613849032
397,West Florida,The University of West Florida,0.816496580927726,0.4808455495262007
398,Auburn Montgomery,Auburn University at Montgomery,0.816496580927726,0.8370786516853933
399,Alabama-Huntsville,University of Alabama in Huntsville,0.816496580927726,0.8062317429406037
400,Seattle,Seattle University,0.7071067811865475,0.7322625698324022
401,LIU Post,LIU Post,0.9999999999999998,0.8066988835194134
402,Barry,Barry University,0.7071067811865475,0.4678138942001275
403,Mount Ida,Mount Ida College,0.816496580927726,0.606495149725854
404,Holy Cross (Ind.),Holy Cross College,0.6666666666666669,0.7230769230769231
405,Shippensburg,Shippensburg University of Pennsylvania,0.5773502691896258,0.8340897629853757
406,Longwood,Longwood University,0.7071067811865475,0.8135635018495684
407,Wittenberg,Wittenberg University,0.7071067811865475,0.8932499051952977
408,Gettysburg,Gettysburg College,0.7071067811865475,0.41628461397395927
409,Regis,Regis University,0.7071067811865475,0.6986027944111777
410,Green Mountain,Green Mountain College,0.816496580927726,0.7554980595084088
411,Methodist,Methodist University,0.7071067811865475,0.6121598430987987
412,Stevenson,Stevenson University,0.7071067811865475,0.5959007145543438
413,John Carroll,John Carroll University,0.816496580927726,0.833378124160172
414,Quinnipiac,Quinnipiac University,0.7071067811865475,0.6722063867819701
415,Marietta,Marietta College,0.7071067811865475,0.6386756238003839
416,Francis Marion,Francis Marion University,0.816496580927726,0.5666919767147558
417,Lander,Lander University,0.7071067811865475,0.42161839355031355
418,Wheeling Jesuit University,Wheeling Jesuit University,1.0000000000000002,0.6891891891891891
419,Goldey-Beacom College,Brewton-Parker College,1.0,0.5136842105263157
420,Post,LIU Post,0.7071067811865475,0.8066988835194134
421,UC Santa Cruz,University of California-Santa Cruz,0.5773502691896258,0.5990584542958023
422,Princeton,Princeton University,0.7071067811865475,0.07407826710441903
423,Ripon,Ripon College,0.7071067811865475,0.7515151515151515
424,Barton,Barton College,0.7071067811865475,0.41766109785202865
425,Lindenwood - Belleville,Lindenwood University,0.4999999999999999,0.6629180230837526
426,Hardin-Simmons,Simmons College,0.7071067811865475,0.4897381457891012
427,Seton Hill,Seton Hill University,0.816496580927726,0.652029826014913
428,Charleston,College of Charleston,0.7071067811865475,0.7031019202363368
429,William & Mary,College of William and Mary,0.816496580927726,0.332123024348569
430,Albany,SUNY at Albany,0.7071067811865475,0.5545377278307678
431,Bellarmine,Bellarmine University,0.7071067811865475,0.9478365384615385
432,Dayton,University of Dayton,0.7071067811865475,0.529741077676697
433,Pomona-Pitzer,Pitzer College,0.4999999999999999,0.1450789793438639
434,Vermont,University of Vermont,0.7071067811865475,0.7755238818640812
435,King University,King University,0.9999999999999998,0.6377277599142551
436,Arizona Christian,Arizona Christian University,0.816496580927726,0.6075581395348837
437,Cal Poly Pomona,Pomona College,0.408248290463863,0.13924227596812527
438,Oregon State,Oregon State University,0.816496580927726,0.7893507330433381
439,Buena Vista,Buena Vista University,0.816496580927726,0.6955287437899219
440,Southwestern,Southwestern College,0.7071067811865475,0.8967889908256881
441,DePaul,DePaul University,0.7071067811865475,0.5986871774314777
442,Wisconsin-Oshkosh,University of Wisconsin-Whitewater,0.7071067811865475,0.8467741935483871
443,Florida Atlantic,Florida Atlantic University,0.816496580927726,0.4773192976817068
444,Ferrum,Ferrum College,0.7071067811865475,0.7411369193154034
445,Harding,Harding University,0.7071067811865475,0.7628440366972477
446,Stanford,Stanford University,0.7071067811865475,0.056866179046049244
447,Whitworth,Whitworth University,0.7071067811865475,0.6451533135509396
448,Hastings,Hastings College,0.7071067811865475,0.736429038587312
449,Wisconsin-Milwaukee,University of Wisconsin-Milwaukee,0.816496580927726,0.8608005366726297
450,Siena College,Siena College,0.9999999999999998,0.6805246226181638
451,South Carolina,University of South Carolina-Aiken,0.816496580927726,0.5122137404580153
452,Felician,Felician College,0.7071067811865475,0.8819400127632419
453,Humboldt State,Humboldt State University,0.816496580927726,0.8017638805371818
454,Philadelphia,Philadelphia University,0.7071067811865475,0.6408450704225352
455,Otterbein,Otterbein University,0.7071067811865475,0.7374055415617129
456,Hamline,Hamline University,0.7071067811865475,0.6556755179457251
457,SUNY New Paltz,State University of New York at New Paltz,0.6123724356957945,0.43592925845485575
458,Lesley,Lesley University,0.7071067811865475,0.6748560460652591
459,Saint Louis,Saint Louis University,0.816496580927726,0.6442602136081859
460,Marquette,Marquette University,0.7071067811865475,0.5745134858313418
461,Avila,Avila University,0.7071067811865475,0.6108041743400859
462,University of Rochester,University of Rochester,0.9999999999999998,0.35681976339596383
463,Mercer,Mercer University,0.7071067811865475,0.6899585921325052
464,Saint Vincent,Saint Vincent College,0.816496580927726,0.6874692874692875
465,Marist,Marist College,0.7071067811865475,0.3744565742440344
466,St. Bonaventure,St Bonaventure University,0.816496580927726,0.7999273783587509
467,McDaniel,McDaniel College,0.7071067811865475,0.7586675730795377
468,SUNY Potsdam,SUNY College at Potsdam,0.816496580927726,0.6836691855583543
469,Biola,Biola University,0.7071067811865475,0.7286129568106312
470,Butler,Butler University,0.7071067811865475,0.6610024580527947
471,Notre Dame de Namur,Notre Dame de Namur University,0.8944271909999159,0.8720083246618107
472,Georgia Southwestern,Georgia Southwestern State University,0.7071067811865475,0.6803212851405622
473,Oakland,Oakland University,0.7071067811865475,0.6600382727348365
474,U.S. Coast Guard Academy,California Maritime Academy,0.3333333333333334,0.748040313549832
475,Cal State Fullerton,California State University-Fullerton,0.5773502691896258,0.45791462129584415
476,SUNY Purchase,SUNY at Purchase College,0.816496580927726,0.3319452706722189
477,Guilford,Guilford College,0.7071067811865475,0.6818481848184819
478,Utica,Utica College,0.7071067811865475,0.8541610192464082
479,Manhattanville,Manhattanville College,0.7071067811865475,0.7674300254452926
480,Metropolitan State College-Denver,Metropolitan State University of Denver,0.75,0.7116072950400545
481,Colby,Colby College,0.7071067811865475,0.26040318106158683
482,Carthage,Carthage College,0.7071067811865475,0.70183997769724
483,Alderson-Broaddus,Alderson Broaddus University,0.816496580927726,0.4321340964840556
484,Caldwell,Caldwell College,0.7071067811865475,0.6407506702412868
485,Eckerd,Eckerd College,0.7071067811865475,0.7103783231083844
486,Rollins,Rollins College,0.7071067811865475,0.5889194332839924
487,Loyola Marymount,Loyola Marymount University,0.816496580927726,0.5412308228730823
488,Salve Regina,Salve Regina University,0.816496580927726,0.6706114398422091
489,Loyola (MD),Loyola Marymount University,0.408248290463863,0.5412308228730823
490,Lafayette,Lafayette College,0.7071067811865475,0.3414129470883831
491,San Diego,University of San Diego,0.816496580927726,0.48853195399169674
492,Penn State,Pennsylvania State University-Penn State Shenango,0.7499999999999998,0.6943231441048034
493,Hanover College,Hanover College,0.9999999999999998,0.667296786389414
494,Southern Virginia,Southern Virginia University,0.816496580927726,0.9986893840104849
495,Saint Joseph's,University of Saint Joseph,0.816496580927726,0.8569767441860465
496,Illinois-Springfield,University of Illinois at Springfield,0.816496580927726,0.5976855003403676
497,Eastern Mennonite,Eastern Mennonite University,0.816496580927726,0.6505125815470643
498,Dallas Baptist,Dallas Baptist University,0.816496580927726,0.42303306727480045
499,Manchester University,Manchester University,0.9999999999999998,0.7116173120728929
500,George Washington,George Washington University,0.816496580927726,0.33080529509100937
501,Bridgeport,University of Bridgeport,0.7071067811865475,0.6385289634146342
